hash,status
0xb476978d58f8ceb0798d806602b2fd7fa58337f9374b269a1455bee4503c7f30,missing_from_csv
0x5ffc44e290506a3b721e9a7a48ee7b360da9f1d424f2b8c7d645d5878bd4baa0,missing_from_csv
0x8f820412ee6bd8bafac3be5eace499e8d4a3bdc2c27a84a5954dc43bbb58799e,missing_from_csv
0x1bcc5fc3fe111eb3452c41228a9d089e3f7a7a167a0259bb1b1dbd12f1ab9162,missing_from_csv
0x03e79b3883baa3ed2751840c32f044d81b0bce80d15e7c9e40144d6a487c5d1d,missing_from_mint_for
0x42280665415ca960d391a8018745a79c8d80aaa6acadc58fd15393a13c93b8c1,missing_from_mint_for
0x8ddb2b5cbf2186a3575c8e316f8130f09766183e0e8e608a7ba5ac53d87bdcc5,missing_from_mint_for
0x9e4ee5cbfc427be5fcdbb31b541af669e791aebf1fbb5820eeb7f1c1c66a5fe8,missing_from_mint_for
0xc1623b6ee09ee6eea7e9cc25a6c8a496220813d1a57afbb966ca7545fabbb41c,missing_from_mint_for
